{
  "regions": {
    "Europe": [
      {
        "name": "Paris",
        "country": "France",
        "lat": 48.8566,
        "lng": 2.3522,
        "radiusKm": 25
      },
      {
        "name": "London",
        "country": "United Kingdom",
        "lat": 51.5074,
        "lng": -0.1278,
        "radiusKm": 30
      },
      {
        "name": "Rome",
        "country": "Italy",
        "lat": 41.9028,
        "lng": 12.4964,
        "radiusKm": 20
      },
      {
        "name": "Barcelona",
        "country": "Spain",
        "lat": 41.3851,
        "lng": 2.1734,
        "radiusKm": 20
      },
      {
        "name": "Amsterdam",
        "country": "Netherlands",
        "lat": 52.3676,
        "lng": 4.9041,
        "radiusKm": 15
      },
      {
        "name": "Berlin",
        "country": "Germany",
        "lat": 52.5200,
        "lng": 13.4050,
        "radiusKm": 25
      },
      {
        "name": "Prague",
        "country": "Czech Republic",
        "lat": 50.0755,
        "lng": 14.4378,
        "radiusKm": 18
      },
      {
        "name": "Vienna",
        "country": "Austria",
        "lat": 48.2082,
        "lng": 16.3738,
        "radiusKm": 20
      },
      {
        "name": "Dublin",
        "country": "Ireland",
        "lat": 53.3498,
        "lng": -6.2603,
        "radiusKm": 15
      },
      {
        "name": "Lisbon",
        "country": "Portugal",
        "lat": 38.7223,
        "lng": -9.1393,
        "radiusKm": 18
      },
      {
        "name": "Stockholm",
        "country": "Sweden",
        "lat": 59.3293,
        "lng": 18.0686,
        "radiusKm": 20
      },
      {
        "name": "Copenhagen",
        "country": "Denmark",
        "lat": 55.6761,
        "lng": 12.5683,
        "radiusKm": 15
      },
      {
        "name": "Edinburgh",
        "country": "Scotland",
        "lat": 55.9533,
        "lng": -3.1883,
        "radiusKm": 15
      },
      {
        "name": "Zurich",
        "country": "Switzerland",
        "lat": 47.3769,
        "lng": 8.5417,
        "radiusKm": 12
      },
      {
        "name": "Budapest",
        "country": "Hungary",
        "lat": 47.4979,
        "lng": 19.0402,
        "radiusKm": 18
      }
    ],
    "Africa": [
      {
        "name": "Cairo",
        "country": "Egypt",
        "lat": 30.0444,
        "lng": 31.2357,
        "radiusKm": 35
      },
      {
        "name": "Cape Town",
        "country": "South Africa",
        "lat": -33.9249,
        "lng": 18.4241,
        "radiusKm": 25
      },
      {
        "name": "Marrakech",
        "country": "Morocco",
        "lat": 31.6295,
        "lng": -7.9811,
        "radiusKm": 20
      },
      {
        "name": "Lagos",
        "country": "Nigeria",
        "lat": 6.5244,
        "lng": 3.3792,
        "radiusKm": 30
      },
      {
        "name": "Nairobi",
        "country": "Kenya",
        "lat": -1.2921,
        "lng": 36.8219,
        "radiusKm": 25
      },
      {
        "name": "Addis Ababa",
        "country": "Ethiopia",
        "lat": 9.1450,
        "lng": 40.4897,
        "radiusKm": 20
      },
      {
        "name": "Johannesburg",
        "country": "South Africa",
        "lat": -26.2041,
        "lng": 28.0473,
        "radiusKm": 30
      },
      {
        "name": "Casablanca",
        "country": "Morocco",
        "lat": 33.5731,
        "lng": -7.5898,
        "radiusKm": 25
      },
      {
        "name": "Tunis",
        "country": "Tunisia",
        "lat": 36.8065,
        "lng": 10.1815,
        "radiusKm": 18
      },
      {
        "name": "Accra",
        "country": "Ghana",
        "lat": 5.6037,
        "lng": -0.1870,
        "radiusKm": 20
      },
      {
        "name": "Dakar",
        "country": "Senegal",
        "lat": 14.7167,
        "lng": -17.4677,
        "radiusKm": 15
      },
      {
        "name": "Kigali",
        "country": "Rwanda",
        "lat": -1.9441,
        "lng": 30.0619,
        "radiusKm": 15
      },
      {
        "name": "Stone Town",
        "country": "Tanzania",
        "lat": -6.1659,
        "lng": 39.1999,
        "radiusKm": 10
      },
      {
        "name": "Victoria Falls",
        "country": "Zambia/Zimbabwe",
        "lat": -17.9243,
        "lng": 25.8572,
        "radiusKm": 12
      },
      {
        "name": "Windhoek",
        "country": "Namibia",
        "lat": -22.5609,
        "lng": 17.0658,
        "radiusKm": 18
      }
    ],
    "Americas": [
      {
        "name": "New York City",
        "country": "United States",
        "lat": 40.7128,
        "lng": -74.0060,
        "radiusKm": 40
      },
      {
        "name": "Mexico City",
        "country": "Mexico",
        "lat": 19.4326,
        "lng": -99.1332,
        "radiusKm": 35
      },
      {
        "name": "San Francisco",
        "country": "United States",
        "lat": 37.7749,
        "lng": -122.4194,
        "radiusKm": 25
      },
      {
        "name": "Buenos Aires",
        "country": "Argentina",
        "lat": -34.6118,
        "lng": -58.3960,
        "radiusKm": 30
      },
      {
        "name": "Rio de Janeiro",
        "country": "Brazil",
        "lat": -22.9068,
        "lng": -43.1729,
        "radiusKm": 28
      },
      {
        "name": "Vancouver",
        "country": "Canada",
        "lat": 49.2827,
        "lng": -123.1207,
        "radiusKm": 22
      },
      {
        "name": "Lima",
        "country": "Peru",
        "lat": -12.0464,
        "lng": -77.0428,
        "radiusKm": 25
      },
      {
        "name": "Havana",
        "country": "Cuba",
        "lat": 23.1136,
        "lng": -82.3666,
        "radiusKm": 20
      },
      {
        "name": "Toronto",
        "country": "Canada",
        "lat": 43.6532,
        "lng": -79.3832,
        "radiusKm": 30
      },
      {
        "name": "Bogotá",
        "country": "Colombia",
        "lat": 4.7110,
        "lng": -74.0721,
        "radiusKm": 25
      },
      {
        "name": "Quito",
        "country": "Ecuador",
        "lat": -0.1807,
        "lng": -78.4678,
        "radiusKm": 18
      },
      {
        "name": "Santiago",
        "country": "Chile",
        "lat": -33.4489,
        "lng": -70.6693,
        "radiusKm": 25
      },
      {
        "name": "Cusco",
        "country": "Peru",
        "lat": -13.5319,
        "lng": -71.9675,
        "radiusKm": 15
      },
      {
        "name": "Machu Picchu",
        "country": "Peru",
        "lat": -13.1631,
        "lng": -72.5450,
        "radiusKm": 5
      },
      {
        "name": "Cartagena",
        "country": "Colombia",
        "lat": 10.3910,
        "lng": -75.4794,
        "radiusKm": 18
      }
    ],
    "Asia": [
      {
        "name": "Tokyo",
        "country": "Japan",
        "lat": 35.6762,
        "lng": 139.6503,
        "radiusKm": 40
      },
      {
        "name": "Bangkok",
        "country": "Thailand",
        "lat": 13.7563,
        "lng": 100.5018,
        "radiusKm": 30
      },
      {
        "name": "Singapore",
        "country": "Singapore",
        "lat": 1.3521,
        "lng": 103.8198,
        "radiusKm": 15
      },
      {
        "name": "Hong Kong",
        "country": "Hong Kong",
        "lat": 22.3193,
        "lng": 114.1694,
        "radiusKm": 18
      },
      {
        "name": "Seoul",
        "country": "South Korea",
        "lat": 37.5665,
        "lng": 126.9780,
        "radiusKm": 30
      },
      {
        "name": "Mumbai",
        "country": "India",
        "lat": 19.0760,
        "lng": 72.8777,
        "radiusKm": 35
      },
      {
        "name": "Beijing",
        "country": "China",
        "lat": 39.9042,
        "lng": 116.4074,
        "radiusKm": 40
      },
      {
        "name": "Kyoto",
        "country": "Japan",
        "lat": 35.0116,
        "lng": 135.7681,
        "radiusKm": 20
      },
      {
        "name": "Istanbul",
        "country": "Turkey",
        "lat": 41.0082,
        "lng": 28.9784,
        "radiusKm": 35
      },
      {
        "name": "Angkor Wat",
        "country": "Cambodia",
        "lat": 13.4125,
        "lng": 103.8670,
        "radiusKm": 12
      },
      {
        "name": "Bagan",
        "country": "Myanmar",
        "lat": 21.1717,
        "lng": 94.8575,
        "radiusKm": 15
      },
      {
        "name": "Kathmandu",
        "country": "Nepal",
        "lat": 27.7172,
        "lng": 85.3240,
        "radiusKm": 20
      },
      {
        "name": "Jerusalem",
        "country": "Israel",
        "lat": 31.7683,
        "lng": 35.2137,
        "radiusKm": 15
      },
      {
        "name": "Petra",
        "country": "Jordan",
        "lat": 30.3285,
        "lng": 35.4444,
        "radiusKm": 8
      },
      {
        "name": "Luang Prabang",
        "country": "Laos",
        "lat": 19.8845,
        "lng": 102.1350,
        "radiusKm": 10
      }
    ],
    "Oceania": [
      {
        "name": "Sydney",
        "country": "Australia",
        "lat": -33.8688,
        "lng": 151.2093,
        "radiusKm": 35
      },
      {
        "name": "Melbourne",
        "country": "Australia",
        "lat": -37.8136,
        "lng": 144.9631,
        "radiusKm": 30
      },
      {
        "name": "Auckland",
        "country": "New Zealand",
        "lat": -36.8485,
        "lng": 174.7633,
        "radiusKm": 25
      },
      {
        "name": "Wellington",
        "country": "New Zealand",
        "lat": -41.2865,
        "lng": 174.7762,
        "radiusKm": 18
      },
      {
        "name": "Brisbane",
        "country": "Australia",
        "lat": -27.4698,
        "lng": 153.0251,
        "radiusKm": 25
      },
      {
        "name": "Perth",
        "country": "Australia",
        "lat": -31.9505,
        "lng": 115.8605,
        "radiusKm": 25
      },
      {
        "name": "Christchurch",
        "country": "New Zealand",
        "lat": -43.5321,
        "lng": 172.6362,
        "radiusKm": 20
      },
      {
        "name": "Gold Coast",
        "country": "Australia",
        "lat": -28.0167,
        "lng": 153.4000,
        "radiusKm": 20
      },
      {
        "name": "Cairns",
        "country": "Australia",
        "lat": -16.9186,
        "lng": 145.7781,
        "radiusKm": 18
      },
      {
        "name": "Rotorua",
        "country": "New Zealand",
        "lat": -38.1368,
        "lng": 176.2497,
        "radiusKm": 15
      },
      {
        "name": "Uluru",
        "country": "Australia",
        "lat": -25.3444,
        "lng": 131.0369,
        "radiusKm": 10
      },
      {
        "name": "Suva",
        "country": "Fiji",
        "lat": -18.1248,
        "lng": 178.4501,
        "radiusKm": 12
      },
      {
        "name": "Port Vila",
        "country": "Vanuatu",
        "lat": -17.7334,
        "lng": 168.3273,
        "radiusKm": 10
      },
      {
        "name": "Nuku'alofa",
        "country": "Tonga",
        "lat": -21.1789,
        "lng": -175.1982,
        "radiusKm": 8
      },
      {
        "name": "Apia",
        "country": "Samoa",
        "lat": -13.8506,
        "lng": -171.7513,
        "radiusKm": 10
      }
    ]
  }
}